,RMSE,MAE,R2,MAPE
lightgbm,28856386.08521409,20421210.696805626,0.04391430549519548,20080.63183927306
random_forest,31345335.425382685,26331844.379272245,-0.12812905127456875,21590.594900225915
xgboost,50595026.6895266,45563189.128,-1.9391963439360898,31101.04418375442
